Age_group,Survived,Pclass,Age,SibSp,Parch
"(0, 10]",0.59375,2.640625,4.26828125,1.84375,1.421875
"(10, 20]",0.382608695652,2.53043478261,17.3173913043,0.591304347826,0.391304347826
"(20, 30]",0.323607427056,2.59681697613,25.0039787798,0.445623342175,0.228116710875
"(30, 40]",0.448648648649,1.91351351351,35.6108108108,0.345945945946,0.335135135135
"(40, 50]",0.383720930233,1.91860465116,45.3720930233,0.372093023256,0.43023255814
"(50, 60]",0.404761904762,1.52380952381,54.8928571429,0.309523809524,0.309523809524
"(60, 70]",0.235294117647,1.52941176471,63.8823529412,0.176470588235,0.352941176471
"(70, 80]",0.2,1.8,73.3,0.0,0.0
