Parch,Survived,Pclass,Age,SibSp
0,0.343657817109,2.3215339233,31.0140117994,0.237463126844
1,0.550847457627,2.20338983051,24.4272881356,1.08474576271
2,0.5,2.275,18.078125,2.0625
3,0.6,2.6,33.2,1.0
4,0.0,2.5,44.5,0.75
5,0.2,3.0,39.2,0.6
6,0.0,3.0,43.0,1.0
